{
  "HL": 0.1265846977129388,
  "RL": 0.11127837843850456,
  "miF1": 0.8734153022870612,
  "maF1": 0.51201342830197,
  "AP": 0.5254106479481904,
  "microAP": 0.6726423827090128,
  "LRAP": 0.7453103843520802,
  "coverage": 3.102662929222144,
  "jaccard_samples": 0.43399906563886936,
  "per_label_f1": {
    "anger": 0.7261774370208105,
    "anticipation": 0.4466501240694789,
    "disgust": 0.4688128772635815,
    "fear": 0.5208747514910537,
    "joy": 0.8304535637149028,
    "love": 0.6138613861386139,
    "optimism": 0.4420485175202156,
    "pessimism": 0.4302203567681007,
    "sadness": 0.6694772344013491,
    "surprise": 0.21138211382113822,
    "trust": 0.27218934911242604,
    "hate": null
  },
  "per_label_ap": {
    "anger": 0.7877795490133273,
    "anticipation": 0.40959757042361244,
    "disgust": 0.4398003889985761,
    "fear": 0.5363212086197157,
    "joy": 0.9074704602625611,
    "love": 0.7298834819262305,
    "optimism": 0.41395467950223763,
    "pessimism": 0.42448442929069785,
    "sadness": 0.7313894039102459,
    "surprise": 0.16632438718710923,
    "trust": 0.23251156829578074,
    "hate": null
  }
}