{
  "run_id": "exp_0011",
  "train_lang": "es",
  "uncertainty_mode": "baseline",
  "seed": 2026,
  "HL": 0.1265846977129388,
  "RL": 0.11127837843850456,
  "miF1": 0.8734153022870612,
  "maF1": 0.51201342830197,
  "AP": 0.5254106479481904,
  "microAP": 0.6726423827090128
}