{
  "HL": 0.1406001146715933,
  "RL": 0.1118816809601673,
  "miF1": 0.8593998853284067,
  "maF1": 0.5082121113498793,
  "AP": 0.5189285030575778,
  "microAP": 0.6707970610730181,
  "LRAP": 0.740961041994679,
  "coverage": 3.1243868255080587,
  "jaccard_samples": 0.44839239830480193,
  "per_label_f1": {
    "anger": 0.7318066157760814,
    "anticipation": 0.4374342797055731,
    "disgust": 0.45799011532125206,
    "fear": 0.48932676518883417,
    "joy": 0.8187702265372169,
    "love": 0.6711111111111111,
    "optimism": 0.44526445264452646,
    "pessimism": 0.4411764705882353,
    "sadness": 0.6457960644007156,
    "surprise": 0.20233463035019456,
    "trust": 0.24932249322493225,
    "hate": null
  },
  "per_label_ap": {
    "anger": 0.8016257320207837,
    "anticipation": 0.39844095073631736,
    "disgust": 0.45134640860699116,
    "fear": 0.45846549906870504,
    "joy": 0.8983585096150695,
    "love": 0.7324024965788395,
    "optimism": 0.4647605687077901,
    "pessimism": 0.42190971669365107,
    "sadness": 0.7337639145202106,
    "surprise": 0.16223336267024718,
    "trust": 0.18490637441474944,
    "hate": null
  }
}