{
  "run_id": "exp_0013",
  "train_lang": "es",
  "uncertainty_mode": "ambiguity_weight",
  "seed": 42,
  "HL": 0.1406001146715933,
  "RL": 0.1118816809601673,
  "miF1": 0.8593998853284067,
  "maF1": 0.5082121113498793,
  "AP": 0.5189285030575778,
  "microAP": 0.6707970610730181
}