{
  "HL": 0.16104988214308466,
  "RL": 0.11612468159419807,
  "miF1": 0.8389501178569153,
  "maF1": 0.49365628077950097,
  "AP": 0.5073972144353172,
  "microAP": 0.6631668154786705,
  "LRAP": 0.7331588299317802,
  "coverage": 3.1503153468815697,
  "jaccard_samples": 0.4229193779824474,
  "per_label_f1": {
    "anger": 0.7170561909497762,
    "anticipation": 0.38016528925619836,
    "disgust": 0.47068538398018167,
    "fear": 0.40074906367041196,
    "joy": 0.8246753246753247,
    "love": 0.6513761467889908,
    "optimism": 0.4233918128654971,
    "pessimism": 0.43023255813953487,
    "sadness": 0.6590389016018307,
    "surprise": 0.21836228287841192,
    "trust": 0.2544861337683524,
    "hate": null
  },
  "per_label_ap": {
    "anger": 0.797508292157907,
    "anticipation": 0.3678320617458962,
    "disgust": 0.47063169246718034,
    "fear": 0.39823729958247606,
    "joy": 0.9001815291465101,
    "love": 0.7216870349117516,
    "optimism": 0.4414831316213178,
    "pessimism": 0.4005500292927089,
    "sadness": 0.7171379978915382,
    "surprise": 0.15443555163029837,
    "trust": 0.21168473834090507,
    "hate": null
  }
}