{
  "run_id": "exp_0010",
  "train_lang": "es",
  "uncertainty_mode": "baseline",
  "seed": 42,
  "HL": 0.16104988214308466,
  "RL": 0.11612468159419807,
  "miF1": 0.8389501178569153,
  "maF1": 0.49365628077950097,
  "AP": 0.5073972144353172,
  "microAP": 0.6631668154786705
}