{
  "HL": 0.14552707188485034,
  "RL": 0.08680382043376828,
  "miF1": 0.8544729281151496,
  "maF1": 0.5834095137118006,
  "AP": 0.6169447582724306,
  "microAP": 0.7864615259721566,
  "LRAP": 0.8308506321562475,
  "coverage": 3.687020558453513,
  "jaccard_samples": 0.43797761510250005,
  "per_label_f1": {
    "anger": 0.7839866555462885,
    "anticipation": 0.34949267192784667,
    "disgust": 0.7520938023450586,
    "fear": 0.7155756207674944,
    "joy": 0.8403414479924123,
    "love": 0.6367969494756911,
    "optimism": 0.7498963085856492,
    "pessimism": 0.4259485924112607,
    "sadness": 0.7158234660925726,
    "surprise": 0.2524271844660194,
    "trust": 0.1951219512195122,
    "hate": null
  },
  "per_label_ap": {
    "anger": 0.8544740461093435,
    "anticipation": 0.31549718937557736,
    "disgust": 0.8056766913195762,
    "fear": 0.7962894549854799,
    "joy": 0.9321573321135821,
    "love": 0.6943918175795621,
    "optimism": 0.7983358979927739,
    "pessimism": 0.3921070600971771,
    "sadness": 0.8051157060127462,
    "surprise": 0.23745429374622998,
    "trust": 0.15489285166468858,
    "hate": null
  }
}