{
  "run_id": "exp_0000",
  "train_lang": "en",
  "uncertainty_mode": "baseline",
  "seed": 13,
  "HL": 0.14552707188485034,
  "RL": 0.08680382043376828,
  "miF1": 0.8544729281151496,
  "maF1": 0.5834095137118006,
  "AP": 0.6169447582724306,
  "microAP": 0.7864615259721566
}