{
  "HL": 0.19445442567972213,
  "RL": 0.11134638308551352,
  "miF1": 0.8055455743202778,
  "maF1": 0.5440252735819943,
  "AP": 0.5681930683422423,
  "microAP": 0.7378834669652645,
  "LRAP": 0.8109638051098855,
  "coverage": 3.8919631093544136,
  "jaccard_samples": 0.38198653198653204,
  "per_label_f1": {
    "anger": 0.7643724696356275,
    "anticipation": 0.22647058823529412,
    "disgust": 0.5581395348837209,
    "fear": 0.670926517571885,
    "joy": 0.8248447204968944,
    "love": 0.7412755716004813,
    "optimism": 0.7391304347826086,
    "pessimism": 0.4772557792692021,
    "sadness": 0.6847195357833655,
    "surprise": 0.0,
    "trust": 0.29714285714285715,
    "hate": null
  },
  "per_label_ap": {
    "anger": 0.8567564978699964,
    "anticipation": 0.15824384742505748,
    "disgust": 0.4957229809804908,
    "fear": 0.7558060927392543,
    "joy": 0.8987238881514685,
    "love": 0.8199713968218655,
    "optimism": 0.7945985982263885,
    "pessimism": 0.3886529953862236,
    "sadness": 0.8064951982515247,
    "surprise": 0.028388447434075537,
    "trust": 0.2467638084783199,
    "hate": null
  }
}