{
  "run_id": "exp_0021",
  "train_lang": "ar",
  "uncertainty_mode": "ambiguity_weight",
  "seed": 13,
  "HL": 0.19445442567972213,
  "RL": 0.11134638308551352,
  "miF1": 0.8055455743202778,
  "maF1": 0.5440252735819943,
  "AP": 0.5681930683422423,
  "microAP": 0.7378834669652645
}