{
  "HL": 0.1466428631203102,
  "RL": 0.0858512690132819,
  "miF1": 0.8533571368796898,
  "maF1": 0.5792894986735262,
  "AP": 0.6194423154496812,
  "microAP": 0.7883877373845956,
  "LRAP": 0.832145339815254,
  "coverage": 3.68211107701749,
  "jaccard_samples": 0.5500675784275048,
  "per_label_f1": {
    "anger": 0.7857142857142857,
    "anticipation": 0.3357664233576642,
    "disgust": 0.7509850275807722,
    "fear": 0.7142857142857143,
    "joy": 0.8397755610972568,
    "love": 0.6488352027610008,
    "optimism": 0.7516466485858194,
    "pessimism": 0.3850746268656716,
    "sadness": 0.7114942528735633,
    "surprise": 0.24786324786324787,
    "trust": 0.20074349442379183,
    "hate": null
  },
  "per_label_ap": {
    "anger": 0.8531852837036645,
    "anticipation": 0.3279628611439681,
    "disgust": 0.80169311542087,
    "fear": 0.7875178633776097,
    "joy": 0.9388629340977747,
    "love": 0.6993079070262465,
    "optimism": 0.8032516386614441,
    "pessimism": 0.3905611286494412,
    "sadness": 0.8064784643780281,
    "surprise": 0.23888934166061773,
    "trust": 0.16615493182682975,
    "hate": null
  }
}