{
  "run_id": "exp_0005",
  "train_lang": "en",
  "uncertainty_mode": "ambiguity_weight",
  "seed": 2026,
  "HL": 0.1466428631203102,
  "RL": 0.0858512690132819,
  "miF1": 0.8533571368796898,
  "maF1": 0.5792894986735262,
  "AP": 0.6194423154496812,
  "microAP": 0.7883877373845956
}