{
  "HL": 0.18455187034505843,
  "RL": 0.09665626811223621,
  "miF1": 0.8154481296549415,
  "maF1": 0.549586878719674,
  "AP": 0.5865188756817244,
  "microAP": 0.7699118876187733,
  "LRAP": 0.8218442805958147,
  "coverage": 3.826940779380178,
  "jaccard_samples": 0.4644972164993644,
  "per_label_f1": {
    "anger": 0.7828014184397163,
    "anticipation": 0.33039092055485497,
    "disgust": 0.7426683188764973,
    "fear": 0.5964912280701754,
    "joy": 0.8440805185943364,
    "love": 0.5849056603773585,
    "optimism": 0.7436305732484076,
    "pessimism": 0.4348864994026284,
    "sadness": 0.7133367399080225,
    "surprise": 0.09692132269099202,
    "trust": 0.17534246575342466,
    "hate": null
  },
  "per_label_ap": {
    "anger": 0.8462966147133943,
    "anticipation": 0.2971644084317842,
    "disgust": 0.8000358134232383,
    "fear": 0.746317699469139,
    "joy": 0.9266652458328125,
    "love": 0.6864895367717344,
    "optimism": 0.7882770731332215,
    "pessimism": 0.37651051906708033,
    "sadness": 0.7904401500054224,
    "surprise": 0.05442967696902727,
    "trust": 0.13908089468211393,
    "hate": null
  }
}