{
  "run_id": "exp_0007",
  "train_lang": "en",
  "uncertainty_mode": "evidential",
  "seed": 42,
  "HL": 0.18455187034505843,
  "RL": 0.09665626811223621,
  "miF1": 0.8154481296549415,
  "maF1": 0.549586878719674,
  "AP": 0.5865188756817244,
  "microAP": 0.7699118876187733
}