{
  "HL": 0.15054813244441964,
  "RL": 0.0880293643487875,
  "miF1": 0.8494518675555803,
  "maF1": 0.5830123156759757,
  "AP": 0.6166266189440446,
  "microAP": 0.7865049494169543,
  "LRAP": 0.829372850976487,
  "coverage": 3.7045105860693464,
  "jaccard_samples": 0.5229993132570611,
  "per_label_f1": {
    "anger": 0.7868852459016393,
    "anticipation": 0.379041248606466,
    "disgust": 0.7448389760528489,
    "fear": 0.6887254901960784,
    "joy": 0.8418043202033036,
    "love": 0.623046875,
    "optimism": 0.7525855210819411,
    "pessimism": 0.4504896626768226,
    "sadness": 0.7153965785381027,
    "surprise": 0.2357142857142857,
    "trust": 0.19460726846424384,
    "hate": null
  },
  "per_label_ap": {
    "anger": 0.862348740167425,
    "anticipation": 0.3224757328412083,
    "disgust": 0.8080029393479383,
    "fear": 0.7940911334571967,
    "joy": 0.9337436475466038,
    "love": 0.6830955008816858,
    "optimism": 0.8040385219041474,
    "pessimism": 0.3996900507611406,
    "sadness": 0.8012188361050617,
    "surprise": 0.23204801311254578,
    "trust": 0.14213969225953682,
    "hate": null
  }
}