{
  "run_id": "exp_0001",
  "train_lang": "en",
  "uncertainty_mode": "baseline",
  "seed": 42,
  "HL": 0.15054813244441964,
  "RL": 0.0880293643487875,
  "miF1": 0.8494518675555803,
  "maF1": 0.5830123156759757,
  "AP": 0.6166266189440446,
  "microAP": 0.7865049494169543
}