{
  "HL": 0.30477161241001466,
  "RL": 0.1605897042302088,
  "miF1": 0.6952283875899854,
  "maF1": 0.39442028695355197,
  "AP": 0.3767578234893674,
  "microAP": 0.5810080856565405,
  "LRAP": 0.678440240493499,
  "coverage": 3.6793973370707778,
  "jaccard_samples": 0.22459427592574055,
  "per_label_f1": {
    "anger": 0.6887550200803213,
    "anticipation": 0.2269979852249832,
    "disgust": 0.43537414965986393,
    "fear": 0.23767383059418457,
    "joy": 0.8209459459459459,
    "love": 0.3865979381443299,
    "optimism": 0.3289940828402367,
    "pessimism": 0.39938319198149574,
    "sadness": 0.64,
    "surprise": 0.08198924731182795,
    "trust": 0.09191176470588236,
    "hate": null
  },
  "per_label_ap": {
    "anger": 0.7405990249458644,
    "anticipation": 0.16844898135093403,
    "disgust": 0.38361420656786405,
    "fear": 0.192562112922728,
    "joy": 0.8612313274198807,
    "love": 0.43675638502252706,
    "optimism": 0.22635070967878823,
    "pessimism": 0.3302618584000063,
    "sadness": 0.6970607470564283,
    "surprise": 0.028729492407149927,
    "trust": 0.07872121261087132,
    "hate": null
  }
}