{
  "run_id": "exp_0017",
  "train_lang": "es",
  "uncertainty_mode": "evidential",
  "seed": 2026,
  "HL": 0.30477161241001466,
  "RL": 0.1605897042302088,
  "miF1": 0.6952283875899854,
  "maF1": 0.39442028695355197,
  "AP": 0.3767578234893674,
  "microAP": 0.5810080856565405
}