{
  "HL": 0.1625707830064995,
  "RL": 0.08624249331521502,
  "miF1": 0.8374292169935005,
  "maF1": 0.5905083107802783,
  "AP": 0.6221795415389985,
  "microAP": 0.7893124087884421,
  "LRAP": 0.8322742231119034,
  "coverage": 3.6864068732740103,
  "jaccard_samples": 0.5096805184178611,
  "per_label_f1": {
    "anger": 0.7764986105597459,
    "anticipation": 0.38426349496797807,
    "disgust": 0.7438220757825371,
    "fear": 0.7166666666666667,
    "joy": 0.8516962843295638,
    "love": 0.615546218487395,
    "optimism": 0.7522388059701492,
    "pessimism": 0.4460580912863071,
    "sadness": 0.7148891235480465,
    "surprise": 0.3076923076923077,
    "trust": 0.186219739292365,
    "hate": null
  },
  "per_label_ap": {
    "anger": 0.8592283332487548,
    "anticipation": 0.33347870292185255,
    "disgust": 0.8056690736283671,
    "fear": 0.793587614581501,
    "joy": 0.9365467071620931,
    "love": 0.6932483258527823,
    "optimism": 0.8034650861137486,
    "pessimism": 0.40168841019243373,
    "sadness": 0.8091747578612454,
    "surprise": 0.2506096678349317,
    "trust": 0.15727827753127271,
    "hate": null
  }
}