{
  "run_id": "exp_0004",
  "train_lang": "en",
  "uncertainty_mode": "ambiguity_weight",
  "seed": 42,
  "HL": 0.1625707830064995,
  "RL": 0.08624249331521502,
  "miF1": 0.8374292169935005,
  "maF1": 0.5905083107802783,
  "AP": 0.6221795415389985,
  "microAP": 0.7893124087884421
}