{
  "HL": 0.2856030662354773,
  "RL": 0.1321844218583349,
  "miF1": 0.7143969337645227,
  "maF1": 0.5125285751542193,
  "AP": 0.5195187506009412,
  "microAP": 0.694023090841864,
  "LRAP": 0.7648986516460166,
  "coverage": 4.065876152832675,
  "jaccard_samples": 0.3734864169646778,
  "per_label_f1": {
    "anger": 0.756633813495072,
    "anticipation": 0.2082965578111209,
    "disgust": 0.5436156763590392,
    "fear": 0.4926590538336052,
    "joy": 0.8047904191616766,
    "love": 0.7225,
    "optimism": 0.7227586206896551,
    "pessimism": 0.45517241379310347,
    "sadness": 0.6747802569303584,
    "surprise": 0.04362050163576881,
    "trust": 0.21298701298701297,
    "hate": null
  },
  "per_label_ap": {
    "anger": 0.8453915259600424,
    "anticipation": 0.15322094485339968,
    "disgust": 0.46860858644567466,
    "fear": 0.5409681196162148,
    "joy": 0.8842532249768434,
    "love": 0.7907965391549008,
    "optimism": 0.7814085850489811,
    "pessimism": 0.3544497134382548,
    "sadness": 0.682557708824686,
    "surprise": 0.021561426335727538,
    "trust": 0.1914898819556287,
    "hate": null
  }
}