{
  "run_id": "exp_0019",
  "train_lang": "ar",
  "uncertainty_mode": "baseline",
  "seed": 42,
  "HL": 0.2856030662354773,
  "RL": 0.1321844218583349,
  "miF1": 0.7143969337645227,
  "maF1": 0.5125285751542193,
  "AP": 0.5195187506009412,
  "microAP": 0.694023090841864
}