{
  "HL": 0.20277877590130555,
  "RL": 0.11565316728360207,
  "miF1": 0.7972212240986944,
  "maF1": 0.5374465077228107,
  "AP": 0.5601574677121159,
  "microAP": 0.7267971740407377,
  "LRAP": 0.7994245873313726,
  "coverage": 3.9229249011857705,
  "jaccard_samples": 0.4349538344103562,
  "per_label_f1": {
    "anger": 0.7531172069825436,
    "anticipation": 0.22810590631364563,
    "disgust": 0.5389527458492975,
    "fear": 0.6474820143884892,
    "joy": 0.8186274509803921,
    "love": 0.7224770642201835,
    "optimism": 0.7115135834411385,
    "pessimism": 0.4861227922624054,
    "sadness": 0.7138461538461538,
    "surprise": 0.0,
    "trust": 0.2916666666666667,
    "hate": null
  },
  "per_label_ap": {
    "anger": 0.849381300694416,
    "anticipation": 0.18974680321146647,
    "disgust": 0.4769274689336773,
    "fear": 0.737972502615352,
    "joy": 0.890111431523483,
    "love": 0.8147685232642998,
    "optimism": 0.7795380066511808,
    "pessimism": 0.3859118580353932,
    "sadness": 0.7817568727442747,
    "surprise": 0.020892178273056068,
    "trust": 0.23472519888667714,
    "hate": null
  }
}