{
  "HL": 0.12846403771421291,
  "RL": 0.10556070010344712,
  "miF1": 0.8715359622857871,
  "maF1": 0.5358974713990108,
  "AP": 0.548919943382984,
  "microAP": 0.6877366599947681,
  "LRAP": 0.7550008102346926,
  "coverage": 3.028731604765242,
  "jaccard_samples": 0.3477808923148797,
  "per_label_f1": {
    "anger": 0.7308693388859969,
    "anticipation": 0.4831038798498123,
    "disgust": 0.46557377049180326,
    "fear": 0.595903165735568,
    "joy": 0.8397472716829408,
    "love": 0.6591422121896162,
    "optimism": 0.47462277091906724,
    "pessimism": 0.47182425978987586,
    "sadness": 0.68561872909699,
    "surprise": 0.2131979695431472,
    "trust": 0.2752688172043011,
    "hate": null
  },
  "per_label_ap": {
    "anger": 0.7835132562448088,
    "anticipation": 0.4404639092970997,
    "disgust": 0.4546017338723996,
    "fear": 0.6442062704570455,
    "joy": 0.9058339916801083,
    "love": 0.7358992299449212,
    "optimism": 0.47702056766606715,
    "pessimism": 0.4509383145330838,
    "sadness": 0.7554798229688483,
    "surprise": 0.19329619719887453,
    "trust": 0.19686608334956893,
    "hate": null
  }
}