{
  "run_id": "exp_0012",
  "train_lang": "es",
  "uncertainty_mode": "ambiguity_weight",
  "seed": 13,
  "HL": 0.12846403771421291,
  "RL": 0.10556070010344712,
  "miF1": 0.8715359622857871,
  "maF1": 0.5358974713990108,
  "AP": 0.548919943382984,
  "microAP": 0.6877366599947681
}