{
  "HL": 0.2026590010779734,
  "RL": 0.12244965179747788,
  "miF1": 0.7973409989220266,
  "maF1": 0.5270841684575039,
  "AP": 0.5384734282841204,
  "microAP": 0.712934603200927,
  "LRAP": 0.7897720119508658,
  "coverage": 4.0019762845849804,
  "jaccard_samples": 0.47819420917247,
  "per_label_f1": {
    "anger": 0.7590808005930318,
    "anticipation": 0.22560975609756098,
    "disgust": 0.5265822784810127,
    "fear": 0.5984848484848485,
    "joy": 0.8215661103979461,
    "love": 0.7468030690537084,
    "optimism": 0.717948717948718,
    "pessimism": 0.47476901208244493,
    "sadness": 0.6824769433465085,
    "surprise": 0.0,
    "trust": 0.2446043165467626,
    "hate": null
  },
  "per_label_ap": {
    "anger": 0.8453410131627178,
    "anticipation": 0.15154990360515208,
    "disgust": 0.46539085951011305,
    "fear": 0.6620782081723299,
    "joy": 0.8901115186059355,
    "love": 0.805143526511599,
    "optimism": 0.7939417206685142,
    "pessimism": 0.3516989542761426,
    "sadness": 0.76058836346217,
    "surprise": 0.019581754406061865,
    "trust": 0.17778188874458767,
    "hate": null
  }
}