{
  "run_id": "exp_0022",
  "train_lang": "ar",
  "uncertainty_mode": "ambiguity_weight",
  "seed": 42,
  "HL": 0.2026590010779734,
  "RL": 0.12244965179747788,
  "miF1": 0.7973409989220266,
  "maF1": 0.5270841684575039,
  "AP": 0.5384734282841204,
  "microAP": 0.712934603200927
}