{
  "HL": 0.1488744455912299,
  "RL": 0.08786267089427567,
  "miF1": 0.8511255544087701,
  "maF1": 0.5803263609770979,
  "AP": 0.6143332792626396,
  "microAP": 0.7840552484989651,
  "LRAP": 0.8297326731716114,
  "coverage": 3.7023626879410863,
  "jaccard_samples": 0.5434131124066687,
  "per_label_f1": {
    "anger": 0.7829681686647375,
    "anticipation": 0.376101860920666,
    "disgust": 0.7453416149068323,
    "fear": 0.6792899408284023,
    "joy": 0.8549152542372881,
    "love": 0.6325878594249201,
    "optimism": 0.7497125335377539,
    "pessimism": 0.45742574257425744,
    "sadness": 0.6970387243735763,
    "surprise": 0.21551724137931033,
    "trust": 0.19269102990033224,
    "hate": null
  },
  "per_label_ap": {
    "anger": 0.8525738596362398,
    "anticipation": 0.31526473512426956,
    "disgust": 0.8025566418551829,
    "fear": 0.7838121458579708,
    "joy": 0.9365730293220328,
    "love": 0.6883118996325305,
    "optimism": 0.7932456456538286,
    "pessimism": 0.3954434284068673,
    "sadness": 0.8014293168444921,
    "surprise": 0.23649045458953688,
    "trust": 0.15196491496608372,
    "hate": null
  }
}