{
  "run_id": "exp_0002",
  "train_lang": "en",
  "uncertainty_mode": "baseline",
  "seed": 2026,
  "HL": 0.1488744455912299,
  "RL": 0.08786267089427567,
  "miF1": 0.8511255544087701,
  "maF1": 0.5803263609770979,
  "AP": 0.6143332792626396,
  "microAP": 0.7840552484989651
}