label,count,percent
anger,1155,32.45293621803877
joy,1085,30.4860915987637
sadness,845,23.74262433267772
pessimism,578,16.240516999157066
disgust,521,14.638943523461649
anticipation,415,11.660578814273673
optimism,377,10.59286316381006
fear,373,10.480472042708627
love,260,7.3054228715931435
trust,175,4.917111548187693
surprise,169,4.7485248665355435
