label,count,percent
anger,899,39.46444249341528
sadness,842,36.9622475856014
joy,605,26.55838454784899
love,562,24.670763827919227
optimism,561,24.62686567164179
pessimism,499,21.905179982440735
disgust,433,19.00790166812994
fear,391,17.16417910447761
anticipation,206,9.043020193151888
trust,120,5.267778753292362
surprise,47,2.0632133450395083
