label,count,percent
disgust,2602,38.052062006434625
anger,2544,37.203860778005264
joy,2477,36.224042117578236
sadness,2008,29.365311494589065
optimism,1984,29.014331675928634
fear,1242,18.1632056156771
anticipation,978,14.302427610412401
pessimism,795,11.626206493126645
love,700,10.236911377595789
surprise,361,5.279321439017257
trust,357,5.220824802573852
