{
  "HL": 0.18493232722481734,
  "RL": 0.11369805717631805,
  "miF1": 0.8150676727751827,
  "maF1": 0.5360962297220427,
  "AP": 0.5590045470647953,
  "microAP": 0.7307497458966418,
  "LRAP": 0.806645934611185,
  "coverage": 3.9156785243741767,
  "jaccard_samples": 0.3745971620971621,
  "per_label_f1": {
    "anger": 0.7736686390532544,
    "anticipation": 0.23684210526315788,
    "disgust": 0.548235294117647,
    "fear": 0.644,
    "joy": 0.8123456790123457,
    "love": 0.7392996108949417,
    "optimism": 0.7282184655396619,
    "pessimism": 0.44836716681376876,
    "sadness": 0.7184035476718403,
    "surprise": 0.0,
    "trust": 0.2476780185758514,
    "hate": null
  },
  "per_label_ap": {
    "anger": 0.8564791171075448,
    "anticipation": 0.16532584629205344,
    "disgust": 0.4922727883916417,
    "fear": 0.7385532119331706,
    "joy": 0.8898732450637568,
    "love": 0.8185623425004728,
    "optimism": 0.7977746250305132,
    "pessimism": 0.3707433827508679,
    "sadness": 0.8044696007106378,
    "surprise": 0.02030303577545882,
    "trust": 0.19469282215663095,
    "hate": null
  }
}