{
  "run_id": "exp_0018",
  "train_lang": "ar",
  "uncertainty_mode": "baseline",
  "seed": 13,
  "HL": 0.18493232722481734,
  "RL": 0.11369805717631805,
  "miF1": 0.8150676727751827,
  "maF1": 0.5360962297220427,
  "AP": 0.5590045470647953,
  "microAP": 0.7307497458966418
}