{
  "HL": 0.22971352060029568,
  "RL": 0.09572478167906213,
  "miF1": 0.7702864793997043,
  "maF1": 0.5535009669462966,
  "AP": 0.5860516586592867,
  "microAP": 0.7699728281774763,
  "LRAP": 0.8221760091305964,
  "coverage": 3.8060754832770787,
  "jaccard_samples": 0.3543963724387167,
  "per_label_f1": {
    "anger": 0.778295888088173,
    "anticipation": 0.348993288590604,
    "disgust": 0.7339983374896093,
    "fear": 0.6541353383458647,
    "joy": 0.8473177441540578,
    "love": 0.6102719033232629,
    "optimism": 0.7475538160469667,
    "pessimism": 0.39589442815249265,
    "sadness": 0.7074279939363315,
    "surprise": 0.09915427238261884,
    "trust": 0.16546762589928057,
    "hate": null
  },
  "per_label_ap": {
    "anger": 0.8462407635652079,
    "anticipation": 0.28069810451044713,
    "disgust": 0.797050142810222,
    "fear": 0.7595045532151593,
    "joy": 0.9255752153106113,
    "love": 0.6849785548934353,
    "optimism": 0.7983074604256212,
    "pessimism": 0.38192912885265884,
    "sadness": 0.7987267253464976,
    "surprise": 0.04989861445050511,
    "trust": 0.12365898187178649,
    "hate": null
  }
}