{
  "run_id": "exp_0006",
  "train_lang": "en",
  "uncertainty_mode": "evidential",
  "seed": 13,
  "HL": 0.22971352060029568,
  "RL": 0.09572478167906213,
  "miF1": 0.7702864793997043,
  "maF1": 0.5535009669462966,
  "AP": 0.5860516586592867,
  "microAP": 0.7699728281774763
}