{
  "HL": 0.23216826131830734,
  "RL": 0.09648348651110233,
  "miF1": 0.7678317386816926,
  "maF1": 0.5595477032067335,
  "AP": 0.5843897952570134,
  "microAP": 0.7678216045151078,
  "LRAP": 0.8211740833944732,
  "coverage": 3.8152807609696224,
  "jaccard_samples": 0.38771387659083273,
  "per_label_f1": {
    "anger": 0.7761069340016709,
    "anticipation": 0.33648393194706994,
    "disgust": 0.7382220401474805,
    "fear": 0.6952879581151833,
    "joy": 0.8458362009635237,
    "love": 0.6194144838212635,
    "optimism": 0.745447187373533,
    "pessimism": 0.4200792602377807,
    "sadness": 0.7141382868937048,
    "surprise": 0.09997059688326963,
    "trust": 0.1640378548895899,
    "hate": null
  },
  "per_label_ap": {
    "anger": 0.8494254510998168,
    "anticipation": 0.29054880668960387,
    "disgust": 0.8017413975472437,
    "fear": 0.7547822245940496,
    "joy": 0.9247673565565215,
    "love": 0.6655583277456306,
    "optimism": 0.787782704694054,
    "pessimism": 0.38371215038752104,
    "sadness": 0.7979174171054171,
    "surprise": 0.04990224743217707,
    "trust": 0.12214966397511255,
    "hate": null
  }
}