{
  "run_id": "exp_0008",
  "train_lang": "en",
  "uncertainty_mode": "evidential",
  "seed": 2026,
  "HL": 0.23216826131830734,
  "RL": 0.09648348651110233,
  "miF1": 0.7678317386816926,
  "maF1": 0.5595477032067335,
  "AP": 0.5843897952570134,
  "microAP": 0.7678216045151078
}