{
  "HL": 0.23308180620433586,
  "RL": 0.11699108057803712,
  "miF1": 0.7669181937956642,
  "maF1": 0.5316625432243035,
  "AP": 0.5489520554799245,
  "microAP": 0.7253802626471327,
  "LRAP": 0.8011421899844167,
  "coverage": 3.9519104084321475,
  "jaccard_samples": 0.4074134199134199,
  "per_label_f1": {
    "anger": 0.7527733755942948,
    "anticipation": 0.21295606850335072,
    "disgust": 0.5271084337349398,
    "fear": 0.6426116838487973,
    "joy": 0.815,
    "love": 0.7422934648581998,
    "optimism": 0.7080745341614907,
    "pessimism": 0.4772370486656201,
    "sadness": 0.7101910828025477,
    "surprise": 0.01818181818181818,
    "trust": 0.24186046511627907,
    "hate": null
  },
  "per_label_ap": {
    "anger": 0.8526421492911059,
    "anticipation": 0.1487777893877209,
    "disgust": 0.4769184680905437,
    "fear": 0.7317042768303351,
    "joy": 0.8888368372170714,
    "love": 0.8011713602480758,
    "optimism": 0.7780308568819277,
    "pessimism": 0.3738118178569229,
    "sadness": 0.7749031770719148,
    "surprise": 0.020329376098300822,
    "trust": 0.19134650130525066,
    "hate": null
  }
}