{
  "run_id": "exp_0020",
  "train_lang": "ar",
  "uncertainty_mode": "baseline",
  "seed": 2026,
  "HL": 0.23308180620433586,
  "RL": 0.11699108057803712,
  "miF1": 0.7669181937956642,
  "maF1": 0.5316625432243035,
  "AP": 0.5489520554799245,
  "microAP": 0.7253802626471327
}