{
  "en_baseline": {
    "HL": {
      "mean": 0.14831654997349997,
      "std": 0.0020874542591279768
    },
    "RL": {
      "mean": 0.08756528522561048,
      "std": 0.0005427203999947809
    },
    "miF1": {
      "mean": 0.8516834500265,
      "std": 0.0020874542591279716
    },
    "maF1": {
      "mean": 0.5822493967882915,
      "std": 0.0013694260642729812
    },
    "AP": {
      "mean": 0.6159682188263716,
      "std": 0.001163349672528594
    }
  },
  "en_ambiguity_weight": {
    "HL": {
      "mean": 0.15146866021367403,
      "std": 0.007872689340985837
    },
    "RL": {
      "mean": 0.08598476177488144,
      "std": 0.00018228287396563456
    },
    "miF1": {
      "mean": 0.848531339786326,
      "std": 0.007872689340985848
    },
    "maF1": {
      "mean": 0.5886830792398211,
      "std": 0.007043927242872718
    },
    "AP": {
      "mean": 0.6217912393635667,
      "std": 0.0017806609010857294
    }
  },
  "en_evidential": {
    "HL": {
      "mean": 0.21547788408788715,
      "std": 0.02189094458924952
    },
    "RL": {
      "mean": 0.09628817876746688,
      "std": 0.00040457844714370347
    },
    "miF1": {
      "mean": 0.7845221159121127,
      "std": 0.021890944589249506
    },
    "maF1": {
      "mean": 0.5542118496242346,
      "std": 0.004097439993609451
    },
    "AP": {
      "mean": 0.5856534431993415,
      "std": 0.0009136657040465963
    }
  },
  "es_baseline": {
    "HL": {
      "mean": 0.13802000382238644,
      "std": 0.01628471293416866
    },
    "RL": {
      "mean": 0.11161759416840006,
      "std": 0.003549650632982565
    },
    "miF1": {
      "mean": 0.8619799961776136,
      "std": 0.016284712934168683
    },
    "maF1": {
      "mean": 0.5081420657086994,
      "std": 0.01060646618607433
    },
    "AP": {
      "mean": 0.5233160466838763,
      "std": 0.012232551340855487
    }
  },
  "es_ambiguity_weight": {
    "HL": {
      "mean": 0.1331783143275785,
      "std": 0.005311566281420586
    },
    "RL": {
      "mean": 0.10679200824610775,
      "std": 0.003755345756130006
    },
    "miF1": {
      "mean": 0.8668216856724215,
      "std": 0.0053115662814205815
    },
    "maF1": {
      "mean": 0.5246529523592761,
      "std": 0.011884755270844698
    },
    "AP": {
      "mean": 0.5393350310013812,
      "std": 0.014438424330702918
    }
  },
  "es_evidential": {
    "HL": {
      "mean": 0.3119385869911448,
      "std": 0.0212252582052506
    },
    "RL": {
      "mean": 0.15882002610278714,
      "std": 0.0034288242812009345
    },
    "miF1": {
      "mean": 0.6880614130088553,
      "std": 0.021225258205250612
    },
    "maF1": {
      "mean": 0.40373397120468507,
      "std": 0.007742372183852125
    },
    "AP": {
      "mean": 0.3804437902633138,
      "std": 0.006676828545636656
    }
  },
  "ar_baseline": {
    "HL": {
      "mean": 0.23453906655487686,
      "std": 0.041111572815409274
    },
    "RL": {
      "mean": 0.12095785320423003,
      "std": 0.008051413275115743
    },
    "miF1": {
      "mean": 0.7654609334451233,
      "std": 0.04111157281540925
    },
    "maF1": {
      "mean": 0.5267624493668551,
      "std": 0.010226331219484783
    },
    "AP": {
      "mean": 0.542491784381887,
      "std": 0.016754767631758472
    }
  },
  "ar_ambiguity_weight": {
    "HL": {
      "mean": 0.19996406755300036,
      "std": 0.00389621197925299
    },
    "RL": {
      "mean": 0.11648306738886449,
      "std": 0.0045707180078595686
    },
    "miF1": {
      "mean": 0.8000359324469996,
      "std": 0.003896211979252977
    },
    "maF1": {
      "mean": 0.5361853165874363,
      "std": 0.006973435930716804
    },
    "AP": {
      "mean": 0.5556079881128262,
      "std": 0.01255222622391067
    }
  },
  "ar_evidential": {
    "HL": {
      "mean": 0.3384636882660598,
      "std": 0.036052033914399255
    },
    "RL": {
      "mean": 0.13767427553659436,
      "std": 0.004768328997872833
    },
    "miF1": {
      "mean": 0.6615363117339402,
      "std": 0.03605203391439926
    },
    "maF1": {
      "mean": 0.5021571338944447,
      "std": 0.005470356595833449
    },
    "AP": {
      "mean": 0.49184431230240805,
      "std": 0.009627747274638143
    }
  },
  "both_baseline": {
    "HL": {
      "mean": 0.14113484471235752,
      "std": 0.002292299923527498
    },
    "RL": {
      "mean": 0.09071366516000247,
      "std": 0.0004178755605287133
    },
    "miF1": {
      "mean": 0.8588651552876425,
      "std": 0.0022922999235275325
    },
    "maF1": {
      "mean": 0.5890271890914432,
      "std": 0.0014337271601937713
    },
    "AP": {
      "mean": 0.6191066771471229,
      "std": 0.002221681575450611
    }
  },
  "both_ambiguity_weight": {
    "HL": {
      "mean": 0.14119043931650405,
      "std": 0.004597195552840894
    },
    "RL": {
      "mean": 0.08972164500273529,
      "std": 0.0008148365903643386
    },
    "miF1": {
      "mean": 0.858809560683496,
      "std": 0.0045971955528409
    },
    "maF1": {
      "mean": 0.5908721895690578,
      "std": 0.000622223786928988
    },
    "AP": {
      "mean": 0.6228785514203086,
      "std": 0.0007414885114504082
    }
  },
  "both_evidential": {
    "HL": {
      "mean": 0.15791647307831294,
      "std": 0.008887994782611479
    },
    "RL": {
      "mean": 0.10216006625717017,
      "std": 0.0010355417245822359
    },
    "miF1": {
      "mean": 0.842083526921687,
      "std": 0.008887994782611451
    },
    "maF1": {
      "mean": 0.5574761751511482,
      "std": 0.0025582388638507696
    },
    "AP": {
      "mean": 0.5802384138551863,
      "std": 0.0013058561022333886
    }
  }
}