{
  "HL": 0.3407657514174683,
  "RL": 0.16184497391575178,
  "miF1": 0.6592342485825317,
  "maF1": 0.40340503808435685,
  "AP": 0.3747581419121978,
  "microAP": 0.581558402957036,
  "LRAP": 0.6811602232152336,
  "coverage": 3.701471618780659,
  "jaccard_samples": 0.244920523687167,
  "per_label_f1": {
    "anger": 0.6896551724137931,
    "anticipation": 0.2458153993304639,
    "disgust": 0.4349157733537519,
    "fear": 0.21267168808152415,
    "joy": 0.8189605939463164,
    "love": 0.42857142857142855,
    "optimism": 0.3287037037037037,
    "pessimism": 0.4019539427773901,
    "sadness": 0.6582278481012658,
    "surprise": 0.08198924731182795,
    "trust": 0.13599062133645956,
    "hate": null
  },
  "per_label_ap": {
    "anger": 0.7343650306929482,
    "anticipation": 0.16223419819492718,
    "disgust": 0.3846549760574066,
    "fear": 0.1352005797454615,
    "joy": 0.8609542813564989,
    "love": 0.45655923384067926,
    "optimism": 0.23192112075671442,
    "pessimism": 0.3268608789723554,
    "sadness": 0.6959673269015919,
    "surprise": 0.028902616878214216,
    "trust": 0.10471931763737832,
    "hate": null
  }
}