{
  "run_id": "exp_0016",
  "train_lang": "es",
  "uncertainty_mode": "evidential",
  "seed": 42,
  "HL": 0.3407657514174683,
  "RL": 0.16184497391575178,
  "miF1": 0.6592342485825317,
  "maF1": 0.40340503808435685,
  "AP": 0.3747581419121978,
  "microAP": 0.581558402957036
}