{
  "HL": 0.1264254316111359,
  "RL": 0.10744972247249752,
  "miF1": 0.8735745683888642,
  "maF1": 0.5187564880446274,
  "AP": 0.5371402776681214,
  "microAP": 0.6789283136704605,
  "LRAP": 0.7489017131807952,
  "coverage": 3.058514365802383,
  "jaccard_samples": 0.3572429672639904,
  "per_label_f1": {
    "anger": 0.7256004087889627,
    "anticipation": 0.4450784593437946,
    "disgust": 0.44873949579831934,
    "fear": 0.4781609195402299,
    "joy": 0.8288088642659279,
    "love": 0.6720647773279352,
    "optimism": 0.45472061657032753,
    "pessimism": 0.4418604651162791,
    "sadness": 0.672865595942519,
    "surprise": 0.2565789473684211,
    "trust": 0.28184281842818426,
    "hate": null
  },
  "per_label_ap": {
    "anger": 0.7908337821937248,
    "anticipation": 0.4183868552424652,
    "disgust": 0.43028360366028834,
    "fear": 0.5600036660679,
    "joy": 0.9057762527286066,
    "love": 0.7362805892827378,
    "optimism": 0.48548215386395177,
    "pessimism": 0.42148401201359786,
    "sadness": 0.752857321819507,
    "surprise": 0.1833882726139141,
    "trust": 0.22376654486264214,
    "hate": null
  }
}