{
  "run_id": "exp_0009",
  "train_lang": "es",
  "uncertainty_mode": "baseline",
  "seed": 13,
  "HL": 0.1264254316111359,
  "RL": 0.10744972247249752,
  "miF1": 0.8735745683888642,
  "maF1": 0.5187564880446274,
  "AP": 0.5371402776681214,
  "microAP": 0.6789283136704605
}