{
  "HL": 0.1451923345142124,
  "RL": 0.08586052299614742,
  "miF1": 0.8548076654857876,
  "maF1": 0.5962514282656589,
  "AP": 0.6237518611020206,
  "microAP": 0.7914212518425988,
  "LRAP": 0.8354227396851669,
  "coverage": 3.6784289659404728,
  "jaccard_samples": 0.451319057847134,
  "per_label_f1": {
    "anger": 0.7792937399678973,
    "anticipation": 0.3799814643188137,
    "disgust": 0.7459366980325064,
    "fear": 0.7266811279826464,
    "joy": 0.8468640560331104,
    "love": 0.652885443583118,
    "optimism": 0.7583081570996979,
    "pessimism": 0.4746494066882416,
    "sadness": 0.7128603104212861,
    "surprise": 0.2829581993569132,
    "trust": 0.19834710743801653,
    "hate": null
  },
  "per_label_ap": {
    "anger": 0.8558508842175316,
    "anticipation": 0.32773608710131263,
    "disgust": 0.8089925893898695,
    "fear": 0.7970661792754792,
    "joy": 0.9390270826599991,
    "love": 0.6969012908913181,
    "optimism": 0.8031671399766872,
    "pessimism": 0.42442394693593893,
    "sadness": 0.8061221677117576,
    "surprise": 0.24612495596503844,
    "trust": 0.1558581479972937,
    "hate": null
  }
}