{
  "run_id": "exp_0003",
  "train_lang": "en",
  "uncertainty_mode": "ambiguity_weight",
  "seed": 13,
  "HL": 0.1451923345142124,
  "RL": 0.08586052299614742,
  "miF1": 0.8548076654857876,
  "maF1": 0.5962514282656589,
  "AP": 0.6237518611020206,
  "microAP": 0.7914212518425988
}