{
  "HL": 0.29027839714595144,
  "RL": 0.15402540016240085,
  "miF1": 0.7097216028540485,
  "maF1": 0.4133765885761464,
  "AP": 0.38981540538837633,
  "microAP": 0.5905331512548772,
  "LRAP": 0.6898781656455097,
  "coverage": 3.605115627189909,
  "jaccard_samples": 0.2182357537735954,
  "per_label_f1": {
    "anger": 0.7103551775887944,
    "anticipation": 0.2577777777777778,
    "disgust": 0.4324786324786325,
    "fear": 0.24017467248908297,
    "joy": 0.8094453596924767,
    "love": 0.4529262086513995,
    "optimism": 0.3353658536585366,
    "pessimism": 0.3829087921117502,
    "sadness": 0.6599535243996901,
    "surprise": 0.08198924731182795,
    "trust": 0.18376722817764166,
    "hate": null
  },
  "per_label_ap": {
    "anger": 0.7548552444312879,
    "anticipation": 0.19926089573151712,
    "disgust": 0.3933444205244567,
    "fear": 0.17422272979321465,
    "joy": 0.8550138617037508,
    "love": 0.4818768325169373,
    "optimism": 0.2545301021092323,
    "pessimism": 0.3461824062760134,
    "sadness": 0.7060691537691596,
    "surprise": 0.02921180840320528,
    "trust": 0.09340200401336456,
    "hate": null
  }
}