{
  "run_id": "exp_0015",
  "train_lang": "es",
  "uncertainty_mode": "evidential",
  "seed": 13,
  "HL": 0.29027839714595144,
  "RL": 0.15402540016240085,
  "miF1": 0.7097216028540485,
  "maF1": 0.4133765885761464,
  "AP": 0.38981540538837633,
  "microAP": 0.5905331512548772
}