{
  "HL": 0.13047079059692934,
  "RL": 0.10293364367470885,
  "miF1": 0.8695292094030707,
  "maF1": 0.5298492743289382,
  "AP": 0.5501566465635821,
  "microAP": 0.6907371599291813,
  "LRAP": 0.7585588202157053,
  "coverage": 3.0045550105115626,
  "jaccard_samples": 0.4334968465311843,
  "per_label_f1": {
    "anger": 0.7298321602598808,
    "anticipation": 0.45161290322580644,
    "disgust": 0.48026315789473684,
    "fear": 0.580896686159844,
    "joy": 0.8384839650145772,
    "love": 0.6666666666666666,
    "optimism": 0.44686648501362397,
    "pessimism": 0.446360153256705,
    "sadness": 0.6643598615916955,
    "surprise": 0.2525597269624573,
    "trust": 0.27044025157232704,
    "hate": null
  },
  "per_label_ap": {
    "anger": 0.7943902784772421,
    "anticipation": 0.45426907593581245,
    "disgust": 0.463441118356543,
    "fear": 0.63444833208221,
    "joy": 0.9120450793596311,
    "love": 0.7527649784962119,
    "optimism": 0.459130518729428,
    "pessimism": 0.432742594161111,
    "sadness": 0.7381808350591251,
    "surprise": 0.18085999896403837,
    "trust": 0.22945030257805102,
    "hate": null
  }
}