{
  "run_id": "exp_0014",
  "train_lang": "es",
  "uncertainty_mode": "ambiguity_weight",
  "seed": 2026,
  "HL": 0.13047079059692934,
  "RL": 0.10293364367470885,
  "miF1": 0.8695292094030707,
  "maF1": 0.5298492743289382,
  "AP": 0.5501566465635821,
  "microAP": 0.6907371599291813
}